{"H0_D0_T0": {"direct": {"result4": [[[-73.995499, 40.7392], [-73.995446, 40.739272], [-73.995018, 40.73986], [-73.994593, 40.740442], [-73.994165, 40.741031], [-73.993739, 40.741617], [-73.993292, 40.742233], [-73.992805, 40.742901], [-73.992318, 40.743568], [-73.991871, 40.744186], [-73.991419, 40.744802], [-73.990968, 40.745421], [-73.990518, 40.746038], [-73.990067, 40.746659], [-73.989617, 40.747277], [-73.989157, 40.747896], [-73.988708, 40.748504], [-73.988265, 40.749116], [-73.987765, 40.749792], [-73.987289, 40.750458], [-73.986824, 40.751088], [-73.986399, 40.7517], [-73.985947, 40.752317], [-73.985488, 40.752935], [-73.98504, 40.753559], [-73.983538, 40.75292]], [[-73.995499, 40.7392], [-73.995446, 40.739272], [-73.995018, 40.73986], [-73.991796, 40.738507], [-73.992225, 40.737917], [-73.992654, 40.73733], [-73.99312, 40.736691], [-73.993618, 40.736], [-73.991692, 40.735204], [-73.990752, 40.734816], [-73.989898, 40.734456], [-73.988779, 40.733966], [-73.987182, 40.733293], [-73.984941, 40.732347], [-73.985444, 40.731658], [-73.985909, 40.731019], [-73.986374, 40.730382], [-73.986812, 40.729779], [-73.987239, 40.729192], [-73.987672, 40.728595], [-73.988119, 40.727986], [-73.988539, 40.727402], [-73.988984, 40.726792], [-73.989385, 40.726248]]], "result2": [[[-73.982119, 40.740226], [-73.981759, 40.740728], [-73.981306, 40.741344], [-73.982914, 40.742024], [-73.983364, 40.741406], [-73.983814, 40.740787], [-73.984264, 40.740168], [-73.984759, 40.739504], [-73.986281, 40.740156], [-73.986409, 40.740211], [-73.986897, 40.739539], [-73.987349, 40.738915], [-73.987767, 40.738341], [-73.988201, 40.737751], [-73.98862, 40.737166], [-73.989063, 40.736577], [-73.98998, 40.735375], [-73.990752, 40.734816], [-73.990945, 40.733978], [-73.991114, 40.733214], [-73.991281, 40.732446], [-73.99146, 40.731738], [-73.991921, 40.731166], [-73.9924, 40.730601], [-73.992841, 40.730079], [-73.993262, 40.72958], [-73.993747, 40.729008], [-73.994252, 40.728412], [-73.994759, 40.727822], [-73.995593, 40.728194], [-73.996313, 40.728536], [-73.996313, 40.728536], [-73.996345, 40.728551], [-73.997109, 40.728927], [-73.997886, 40.72931], [-73.998605, 40.729685], [-73.999367, 40.730058], [-74.000122, 40.730432], [-74.001413, 40.731065], [-74.000954, 40.731706], [-74.000511, 40.732315], [-74.000066, 40.732929], [-73.999523, 40.733663], [-73.999188, 40.734134], [-73.998939, 40.734475], [-73.998939, 40.734475], [-73.998714, 40.734784], [-73.998274, 40.735391], [-73.997805, 40.736032], [-73.997341, 40.736668], [-73.99684, 40.737361], [-73.999684, 40.738552], [-74.002491, 40.739745], [-74.005127, 40.740851], [-74.005344, 40.740946], [-74.005449, 40.740992], [-74.00697, 40.741628], [-74.008181, 40.742122], [-74.008372, 40.741974], [-74.008723, 40.741462], [-74.00896, 40.740731], [-74.009624, 40.739354], [-74.009906, 40.738813], [-74.009851, 40.739297], [-74.008713, 40.742212], [-74.008713, 40.742212], [-74.008688, 40.742352], [-74.008513, 40.742334], [-74.007928, 40.742541], [-74.007705, 40.742834], [-74.007238, 40.74347], [-74.006811, 40.744061], [-74.006385, 40.744646], [-74.00596, 40.745231], [-74.005535, 40.745816], [-74.005107, 40.746395], [-74.004653, 40.747023], [-74.004168, 40.74769], [-74.001369, 40.746508], [-73.998485, 40.745295], [-73.995645, 40.744099], [-73.996129, 40.743431], [-73.995285, 40.743075], [-73.995285, 40.743075], [-73.993292, 40.742233], [-73.992805, 40.742901], [-73.992318, 40.743568], [-73.991871, 40.744186], [-73.991419, 40.744802], [-73.990968, 40.745421], [-73.990518, 40.746038], [-73.990067, 40.746659], [-73.989617, 40.747277], [-73.989157, 40.747896], [-73.988708, 40.748504], [-73.988265, 40.749116], [-73.987765, 40.749792], [-73.987289, 40.750458], [-73.986824, 40.751088], [-73.986399, 40.7517], [-73.985947, 40.752317], [-73.985488, 40.752935], [-73.98504, 40.753559], [-73.983538, 40.75292]]], "result3": [[[-73.986414, 40.734347], [-73.986682, 40.733979], [-73.987182, 40.733293], [-73.988779, 40.733966], [-73.989898, 40.734456], [-73.990752, 40.734816], [-73.991692, 40.735204], [-73.993618, 40.736], [-73.99684, 40.737361], [-73.996337, 40.738044], [-73.995874, 40.738686], [-73.995499, 40.7392]], [[-73.998939, 40.734475], [-73.998714, 40.734784], [-73.998274, 40.735391], [-73.997805, 40.736032], [-73.997341, 40.736668], [-73.99684, 40.737361], [-73.996337, 40.738044], [-73.995874, 40.738686], [-73.995499, 40.7392]], [[-74.008713, 40.742212], [-74.008688, 40.742352], [-74.008513, 40.742334], [-74.008181, 40.742122], [-74.00697, 40.741628], [-74.005449, 40.740992], [-74.005344, 40.740946], [-74.005127, 40.740851], [-74.002491, 40.739745], [-73.999684, 40.738552], [-73.99684, 40.737361], [-73.996337, 40.738044], [-73.995874, 40.738686], [-73.995499, 40.7392]]],